subID,group,day,time_point,thigmotaxis,median_velocity,path_length,search_area,n_stops,median_stop_duration,median_inter_stop_interval,time_in_homebase,hb_stop_distance,hb_close_stops,time2hb,n_home_bases
100,tg,1,4,384.111111111111,5.8073945441114,472.814580865606,0.186666666666667,27,6.88888888888886,11.1666666666667,248.111111111111,11.1999668519801,26,16.308,2
100,tg,1,7,543.222222222222,5.53900143043789,237.179367016578,0.154285714285714,24,8.55555555555554,15.1111111111111,224.333333333333,9.40033494737178,24,272.082,2
100,tg,2,4,525.444444444444,7.77441734117978,836.480059996904,0.333333333333333,23,6,10.2777777777778,183.777777777778,14.0576765841641,18,35.904,3
100,tg,2,7,544.777777777778,5.42661212493373,242.663386640922,0.133333333333333,30,5.77777777777779,8.66666666666666,316,13.5982903961875,26,171.227,1
100,tg,3,4,476.333333333333,7.34551982278326,695.178425210435,0.295238095238095,23,6.77777777777783,10.4444444444444,246.111111111111,19.9115425353174,15,206.143,2
100,tg,3,7,514.666666666667,9.42619625446273,1028.31971906441,0.419047619047619,19,8.55555555555554,13.6666666666667,215.444444444444,17.3172856119745,15,34.813,3
101,tg,1,12,568.444444444444,5.65830918810304,146.810963442948,0.0704761904761905,21,4.77777777777778,12,286.555555555556,11.6479424306836,21,100.644,2
101,tg,1,4,436.555555555556,8.05154791205774,1136.28786312451,0.445714285714286,23,2.77777777777777,10.7222222222222,338.333333333333,22.7563636746084,15,65.468,1
101,tg,1,7,510.444444444444,7.8541904134972,753.564527268587,0.285714285714286,13,6.55555555555556,14.5555555555556,425.777777777778,11.5651959468339,11,31.547,1
101,tg,2,12,361.777777777778,6.3372986033259,345.134932979262,0.139047619047619,21,12.3333333333333,17.5,354.777777777778,17.8060502297287,16,201.337,1
101,tg,2,4,483.222222222222,9.2621132965145,1956.62611098255,0.504761904761905,29,7.55555555555557,13.4444444444445,316,27.324017106242,13,68.712,3
101,tg,2,7,468,7.27094021744591,1084.77482114205,0.346666666666667,33,4.55555555555549,10.0555555555556,146.333333333333,31.3012163976085,12,355.325,2
101,tg,3,12,561.555555555556,4.74815561885442,163.57229379119,0.0895238095238095,20,7.38888888888889,16.1111111111111,165.777777777778,31.6871933522971,7,414.958,3
101,tg,3,4,551.111111111111,6.19369024396506,330.182891258341,0.131428571428571,23,13.3333333333333,15.1111111111111,241.111111111111,9.95359903647384,20,7.792,2
101,tg,3,7,564,4.77496100884203,123.471829995396,0.0723809523809524,19,5,11.1666666666667,359.555555555556,6.05077482301748,19,98.359,1
102,tg,1,12,546.666666666667,7.29388719447549,821.871257849969,0.31047619047619,27,9.44444444444446,12.2222222222222,165,34.6779265541282,9,290.167,6
102,tg,1,4,535.111111111111,7.72652742817492,728.408703810133,0.28,20,3.5,10.7777777777778,253.222222222222,17.9156595269629,15,0.405,3
102,tg,1,7,547.333333333333,9.25673227535858,914.771207563003,0.316190476190476,15,10.2222222222222,18.2777777777778,349.666666666667,10.4092234679209,13,17.875,1
102,tg,2,12,568.222222222222,6.76575838770318,739.709724599549,0.274285714285714,26,9.22222222222222,11.3333333333333,87.8888888888889,48.0814943406123,2,92.391,10
102,tg,2,4,490.444444444444,9.50104178812949,1742.46260457559,0.531428571428571,29,7,13.0555555555556,167.777777777778,28.3082367329557,15,27.279,2
102,tg,2,7,559.444444444444,6.67534808223121,483.667265070022,0.207619047619048,21,15.8888888888889,17.4444444444444,217.666666666667,16.3395839185571,14,24.76,3
102,tg,3,12,560.777777777778,8.69237584863854,872.836833934138,0.300952380952381,25,7.88888888888889,14.7777777777778,238.888888888889,23.2785855475744,16,6.652,1
102,tg,3,4,447.777777777778,8.94898466840763,1729.43808319752,0.518095238095238,35,4.77777777777777,9.66666666666667,137.777777777778,19.8647591714312,24,121.431,2
102,tg,3,7,558.555555555556,7.73740781477312,909.28273888536,0.340952380952381,20,10.2222222222222,14.2222222222222,149.888888888889,28.4158578743833,8,78.976,5
103,tg,1,12,559.888888888889,7.1175334748934,608.856316947363,0.262857142857143,23,9.44444444444444,7.27777777777777,143.888888888889,35.2685490242946,9,356.144,5
103,tg,1,4,337.333333333333,7.80869006967248,1590.05949764172,0.493333333333333,26,7.00000000000001,11.4444444444444,183.222222222222,23.6781288416181,14,89.954,2
103,tg,1,7,546.555555555556,7.7757009470708,920.651299800256,0.308571428571429,27,6.33333333333337,10.7222222222222,191.444444444444,14.7050396604113,22,58.598,2
103,tg,2,12,567.444444444444,8.82204302411395,662.174844903952,0.224761904761905,25,5.33333333333334,10,123.222222222222,29.5311982495886,10,48.663,3
103,tg,2,4,255.111111111111,9.83470870200622,1572.19181084649,0.504761904761905,26,2,7.66666666666669,288.555555555556,29.2183203822604,12,66.831,2
103,tg,2,7,504,10.1563737053039,1546.0521569318,0.483809523809524,28,6.94444444444443,12.3333333333334,159.222222222222,20.5995373466073,19,17.052,6
103,tg,3,12,560,9.97944723552224,708.563338534828,0.281904761904762,17,22.3333333333333,18.7777777777778,362.555555555556,18.0842879213928,12,115.996,2
103,tg,3,4,432.444444444444,8.58341275765375,1279.02524609009,0.506666666666667,19,5.11111111111109,12.5,134.666666666667,24.8324655272491,10,118.695,5
103,tg,3,7,456.777777777778,9.00408094463894,1095.49297914805,0.346666666666667,19,13,12.5,163.333333333333,31.2207020640146,8,9.556,7
104,tg,1,12,441.888888888889,6.94881760687942,614.563897054668,0.213333333333333,19,12.4444444444444,22.6111111111111,260.333333333333,7.28143622899727,19,40.109,4
104,tg,1,4,264.333333333333,8.83431705841706,1983.25045006292,0.563809523809524,25,5.5555555555556,14.6666666666667,95.8888888888889,24.8978221537252,13,69.445,2
104,tg,1,7,359.888888888889,10.671049897067,2333.0268995198,0.643809523809524,37,6.22222222222223,10.0555555555556,110.222222222222,28.9020294835152,15,47.517,8
104,tg,2,12,504.555555555556,8.93594659024165,1279.93456314732,0.417142857142857,23,11.2222222222222,15.5555555555556,128.777777777778,22.889497595131,13,41.631,8
104,tg,2,4,324.222222222222,9.31032418709833,2439.2552180174,0.60952380952381,40,3.27777777777779,6.88888888888891,80.5555555555556,30.7155504429138,19,82.479,5
104,tg,2,7,465.444444444444,10.3089696126257,2226.48097161175,0.60952380952381,39,4.55555555555554,9.44444444444441,160,25.9706402223259,20,35.705,6
104,tg,3,12,462.444444444444,8.46159060433036,1515.23418414446,0.44,35,5.88888888888886,9.72222222222223,95.4444444444444,21.9199084004817,22,172,5
104,tg,3,4,387.666666666667,10.6866168804583,2148.45419105525,0.594285714285714,24,4.77777777777777,11.6666666666667,259.333333333333,29.5206171497034,11,23.36,2
104,tg,3,7,461.333333333333,9.31183153790224,1970.31703809342,0.514285714285714,40,7.16666666666669,10.4444444444444,124.666666666667,30.4193823091929,15,6.896,5
105,tg,1,12,523.222222222222,5.28735852807424,259.96840045522,0.139047619047619,23,9.22222222222217,15.3888888888889,392.555555555556,7.08274252744538,21,47.919,1
105,tg,1,4,528.444444444444,5.85825670887969,330.799847546321,0.100952380952381,24,5.99999999999999,11.7777777777778,426.555555555556,8.77430278378045,24,25.476,1
105,tg,1,7,534.666666666667,4.88776114147917,251.467886389148,0.123809523809524,33,8.33333333333331,12.2222222222222,132.666666666667,11.5946666402217,31,153.999,5
105,tg,2,12,569.444444444444,6.16332155341972,237.574862979407,0.127619047619048,32,7,13.7777777777778,339.555555555556,23.882668408225,18,183.138,1
105,tg,2,4,539.666666666667,5.88343560786947,442.67571020737,0.220952380952381,18,4.55555555555557,12.1111111111111,231.555555555556,25.4046112072853,9,117.646,4
105,tg,2,7,569.777777777778,5.20078367185281,318.465997357649,0.140952380952381,25,7.33333333333331,12.4444444444444,163.666666666667,33.8655223913303,7,410.006,4
105,tg,3,12,551.888888888889,5.29572239723058,512.309585975808,0.194285714285714,23,12.3333333333333,18.3888888888889,185.111111111111,18.0404737005878,14,181.502,5
105,tg,3,4,530.555555555556,7.05254024271518,869.384633403196,0.329523809523809,26,9.55555555555555,12.4444444444445,213.444444444444,31.6171832179698,12,14.594,1
105,tg,3,7,556.777777777778,6.98377703825957,617.022629695641,0.32,20,6.05555555555554,13.6666666666667,187.222222222222,46.6588349372602,3,385.212,3
106,tg,1,12,574.555555555556,7.15989043556188,280.607373605901,0.0990476190476191,11,6.33333333333333,18.5555555555556,513.777777777778,7.71229624569608,11,74.013,1
106,tg,1,4,411.555555555556,7.79995731880561,1239.48994018552,0.516190476190476,17,4.55555555555554,13.1666666666667,208.444444444444,27.5961680982326,8,108.22,2
106,tg,1,7,546.222222222222,6.74473654220481,689.532146831116,0.228571428571429,19,6.66666666666669,12.6111111111111,372.333333333333,18.4942957551488,13,95.766,1
106,tg,2,12,554.111111111111,8.61578676574483,496.333016500331,0.241904761904762,18,7.44444444444444,21.6666666666667,220.555555555556,28.772942809698,8,284.843,4
106,tg,2,4,307.666666666667,7.81239812331203,1796.94116751458,0.620952380952381,32,3.22222222222221,9.44444444444444,204.888888888889,24.7893777888525,17,108.406,2
106,tg,2,7,543.888888888889,10.728884429843,2224.34817795579,0.500952380952381,45,6.33333333333331,9.27777777777778,68.4444444444444,41.0899212046197,13,31.033,15
106,tg,3,12,572.444444444444,6.45856164236502,346.651758397369,0.163809523809524,20,6.61111111111109,11.8888888888889,176.777777777778,29.9349886503733,10,259.409,4
106,tg,3,4,399.888888888889,9.20311346819182,2076.48044075792,0.598095238095238,35,5.77777777777771,8.38888888888886,111.888888888889,30.115879775061,15,79.546,3
106,tg,3,7,559.444444444444,9.44544863117364,964.205699130109,0.293333333333333,22,8.00000000000001,12.5555555555555,202.666666666667,34.6374072414464,6,313.858,1
107,tg,1,12,521.666666666667,12.4262746074253,2782.33234056867,0.539047619047619,49,4.4444444444444,6.83333333333333,191.444444444444,23.5561564722792,28,12.589,5
107,tg,1,4,310.111111111111,9.57301756230871,3054.31503345372,0.723809523809524,39,3.22222222222223,7.99999999999999,96.2222222222222,26.5374220771511,19,116.004,2
107,tg,1,7,423,12.0629863181613,2917.8632671711,0.676190476190476,50,2.55555555555558,5.88888888888889,197.444444444444,36.6695712737779,13,92.585,1
107,tg,2,12,517.777777777778,10.8909185103915,2313.60576111166,0.531428571428571,44,3.55555555555555,7.55555555555554,109.777777777778,37.3768718278269,13,95.399,7
107,tg,2,4,337.666666666667,10.6211114391244,3104.5698341068,0.702857142857143,50,4.16666666666666,8.55555555555554,66.5555555555556,38.7387639363449,15,37.483,14
107,tg,2,7,502.777777777778,12.0542676495884,3015.06480810461,0.620952380952381,54,4.5,8.33333333333331,65.2222222222222,41.0261400663303,14,17.671,12
107,tg,3,12,571.444444444444,7.94319660712846,831.655855167027,0.291428571428571,23,7,10.6666666666666,138.111111111111,33.7852254668179,9,31,4
107,tg,3,4,280.333333333333,9.25981203318269,2998.19435246378,0.643809523809524,47,3.66666666666667,7.50000000000001,100.111111111111,29.2059418114766,19,35.176,7
107,tg,3,7,554.111111111111,8.88973840895245,1812.0359672595,0.483809523809524,43,5,8.44444444444443,274.222222222222,27.5765545291311,23,17.857,3
108,tg,1,12,567.222222222222,9.37837415633171,913.221475167577,0.257142857142857,20,13.7777777777778,18.1111111111111,232.333333333333,26.0288694800688,10,143.047,3
108,tg,1,4,532.777777777778,9.16914801207709,1002.77066830322,0.436190476190476,12,4.22222222222222,12.1111111111111,379.777777777778,27.5451686435451,5,141.303,1
108,tg,1,7,539.333333333333,7.87587681029842,890.99086999855,0.331428571428571,21,5.55555555555556,11.2222222222222,168.222222222222,22.3989133616596,14,62.116,2
108,tg,2,12,556.888888888889,7.23627102853296,762.173538051726,0.285714285714286,31,6.11111111111114,9.83333333333334,140.777777777778,31.7100839893251,13,136.475,3
108,tg,2,4,505.333333333333,8.30005281722737,1603.25079101799,0.512380952380952,30,4.11111111111111,9.33333333333331,162.111111111111,30.2064276277812,12,97.984,2
108,tg,2,7,570.777777777778,8.56991557227715,880.991370102864,0.308571428571429,22,7.05555555555557,16.1111111111111,175.333333333333,30.555671944856,10,56.801,3
108,tg,3,12,566.777777777778,7.89023800100856,848.595994737206,0.257142857142857,22,10.7777777777778,17.7777777777778,110.333333333333,28.2978306789428,9,136.246,3
108,tg,3,4,405.555555555556,8.04659917553361,1860.05385317772,0.594285714285714,33,3.44444444444446,7.38888888888889,219.444444444444,39.0111941558274,8,177.69,2
108,tg,3,7,567.666666666667,8.3706706209294,573.034787053769,0.247619047619048,23,7.88888888888889,10.6111111111111,217.333333333333,33.4372997083121,9,43.086,2
109,tg,1,12,559.111111111111,7.40774104165098,610.245153271075,0.228571428571429,19,4.88888888888889,9.83333333333333,178,21.0830054409279,10,80.939,3
109,tg,1,4,450.111111111111,10.2834116479077,1975.27985744301,0.615238095238095,20,5.33333333333333,11,149.444444444444,24.9593470297965,12,110.754,3
109,tg,1,7,537,11.9945977699552,2304.82511446362,0.424761904761905,28,2.83333333333333,9.66666666666663,167.222222222222,40.638660419479,5,197.609,2
109,tg,2,12,568.111111111111,8.4447825609511,466.998253410909,0.259047619047619,11,6.33333333333334,15,336.444444444444,26.1241554425481,6,37.772,1
109,tg,2,4,458.777777777778,9.38592528550049,1253.17244731848,0.401904761904762,22,4.61111111111111,10.1111111111111,197.333333333333,20.9688360999225,13,46.455,2
109,tg,2,7,567.555555555556,9.02369248866183,1014.17022080698,0.293333333333333,28,7.38888888888887,10.2222222222222,157,48.8766748040537,5,58.679,3
109,tg,3,12,569.444444444444,6.71907154377536,416.103997654563,0.207619047619048,19,7.11111111111111,13.1666666666667,324,39.086160370655,5,237.688,2
109,tg,3,4,493.888888888889,9.90294032552038,2810.15713445893,0.64,41,3.77777777777777,9,75.1111111111111,46.2826347095143,5,223.883,8
109,tg,3,7,573.444444444444,9.36883863134271,707.035955741848,0.228571428571429,16,5.72222222222221,7.88888888888889,280.222222222222,37.8126496675042,6,50.297,2
110,tg,1,12,575,7.50043234042617,378.336810062592,0.186666666666667,11,3.66666666666669,11.7777777777778,309.333333333333,15.5760577871022,10,263.596,2
110,tg,1,4,497.111111111111,8.21199892139025,1400.91782318528,0.481904761904762,24,3.05555555555557,8.77777777777777,172,24.6032393931026,13,49.071,2
110,tg,1,7,559.333333333333,8.72204568733511,876.059315548163,0.293333333333333,19,7.55555555555557,13.3333333333333,335.222222222222,18.559051252789,14,53.202,2
110,tg,2,12,572.555555555556,7.71343599011406,467.301388866342,0.19047619047619,22,6.99999999999998,13.8888888888889,306.444444444444,35.1501746085041,8,161.919,1
110,tg,2,4,489.555555555556,7.18363219489257,891.911726124249,0.354285714285714,27,3.33333333333337,9.16666666666663,230.888888888889,30.6953776139543,10,140.815,2
110,tg,2,7,544.444444444444,8.88276281562214,1753.77817244498,0.48,37,4.11111111111111,7.72222222222223,116.666666666667,34.0525752400836,13,133.059,3
110,tg,3,12,564.777777777778,8.17277204804253,1033.41169147749,0.272380952380952,30,7.94444444444443,13.1111111111111,107.666666666667,53.3956361818848,5,120.564,12
110,tg,3,4,394,8.17827644779878,1323.10951894176,0.500952380952381,23,2.55555555555556,8.33333333333334,154.555555555556,41.5694108314908,8,29.235,4
110,tg,3,7,545.555555555556,8.23566581806748,1592.3821179495,0.403809523809524,33,5.55555555555554,10.7222222222223,115.666666666667,28.1585658879196,18,9.053,7
111,tg,1,12,550.888888888889,8.57004225648903,1406.8441849919,0.356190476190476,41,5,7.38888888888889,102.111111111111,31.3767721474767,19,147.663,7
111,tg,1,4,304.777777777778,7.69252458390024,2570.81091000884,0.651428571428571,45,3.8888888888888,8.72222222222224,78.8888888888889,23.0763582629259,30,65.87,2
111,tg,1,7,515.333333333333,8.92654013014297,1571.53756163029,0.478095238095238,31,7.44444444444444,12.9999999999999,137.777777777778,29.436522475287,13,58.648,5
111,tg,2,12,538.333333333333,8.55797232004916,1498.84463706818,0.419047619047619,44,5.44444444444449,9.11111111111109,90.2222222222222,39.3721361219955,14,200.738,7
111,tg,2,4,404,9.18468539222494,2707.53847316273,0.645714285714286,47,4.33333333333337,8.83333333333337,93.5555555555556,31.270136113059,19,42.573,3
111,tg,2,7,476.444444444444,10.0896394146457,2039.0657182643,0.500952380952381,42,5.05555555555554,8.55555555555554,68.2222222222222,37.6253707667546,12,226.23,9
111,tg,3,12,545.666666666667,8.94782682041412,1345.39966595049,0.396190476190476,28,4.77777777777777,10.6666666666667,141.777777777778,36.4108248066566,9,141.584,1
111,tg,3,4,470.888888888889,11.0415431843844,2778.76152998932,0.525714285714286,51,4.11111111111114,8.72222222222223,67.5555555555556,38.6756511214415,11,53.456,16
111,tg,3,7,363.555555555556,11.276439059022,4118.81016267349,0.761904761904762,59,3.66666666666667,7.66666666666668,45.5555555555556,35.9491938308818,17,33.731,6
112,tg,1,12,569.111111111111,10.7802176595018,1692.14241770855,0.306666666666667,44,6.16666666666668,10,53.1111111111111,42.1440206415716,10,114.626,17
112,tg,1,4,451.888888888889,7.81501694315744,1511.91125366456,0.504761904761905,28,6.83333333333334,12.7777777777778,143.444444444444,30.4928893961126,12,90.632,3
112,tg,1,7,520.111111111111,9.7368255590588,1949.9178892977,0.533333333333333,31,5.55555555555557,9.61111111111109,179.222222222222,25.1206551962925,16,11.676,5
112,tg,2,12,556.444444444444,10.1337458302989,1366.27926406053,0.39047619047619,32,5.05555555555553,9.44444444444445,107.111111111111,35.7324542368466,11,55.133,6
112,tg,2,4,536.444444444444,8.70410889914987,1437.48861148312,0.499047619047619,25,4,9.61111111111111,279.222222222222,33.1054047797382,9,147.998,1
112,tg,2,7,424.222222222222,11.6525076824975,3503.08088210813,0.693333333333333,60,3.72222222222221,7.22222222222229,51.1111111111111,37.8688091184532,12,44.619,10
112,tg,3,12,537.555555555556,9.69412447824223,2132.68273248748,0.426666666666667,48,6.72222222222226,11.3333333333334,83.7777777777778,32.7050484936614,19,5.283,12
112,tg,3,4,439.666666666667,11.9018066599786,2332.00248305469,0.544761904761905,36,5.33333333333329,9.55555555555554,117.444444444444,37.6880063641601,10,50.172,7
112,tg,3,7,334.222222222222,11.8364943292761,3255.49963769127,0.662857142857143,43,3.88888888888886,7.61111111111111,47,43.3431471401664,6,53.838,6
113,tg,1,12,519.333333333333,8.31903573524697,1343.33831545671,0.476190476190476,29,4.77777777777777,10.7777777777778,91.3333333333333,21.8618944346173,20,44.056,5
113,tg,1,4,463,7.2941360866328,1619.98100417439,0.577142857142857,23,2.44444444444443,9.5,297.333333333333,22.3057866084248,14,97.797,1
113,tg,1,7,501.222222222222,8.08787941220767,1165.44355938923,0.487619047619048,24,3.44444444444444,8.11111111111111,216.222222222222,39.3563312100982,8,36.161,1
113,tg,2,12,549.333333333333,9.45943783916052,1176.72637457562,0.447619047619048,27,5,8.11111111111109,241.777777777778,33.1404110625856,9,229.406,1
113,tg,2,4,414.222222222222,7.43454727407772,1568.66664659468,0.55047619047619,33,3.44444444444446,10.5,185.666666666667,27.7114166653642,17,40.927,3
113,tg,2,7,413.666666666667,8.0982152398628,2182.41799145839,0.619047619047619,47,5,8.33333333333334,131.222222222222,25.2894637853323,21,90.156,5
113,tg,3,12,541,9.93537834108966,529.892283104797,0.323809523809524,11,5.22222222222223,10.6111111111111,418.444444444444,24.8554908036976,5,119.148,1
113,tg,3,4,324.444444444444,7.9779680410736,2660.98009500618,0.733333333333333,43,5,8.50000000000001,49.7777777777778,26.8399685131757,20,171.24,9
113,tg,3,7,532.666666666667,7.72121407107612,1046.25367963803,0.4,26,4.27777777777777,8.88888888888886,148.333333333333,30.327788729299,11,152.6,5
114,tg,1,12,567.555555555556,8.12153400998118,669.539823972524,0.283809523809524,21,7,13.9444444444444,188.111111111111,30.6711377244923,10,107.631,3
114,tg,1,4,488.222222222222,7.52356244519856,1265.10148191373,0.483809523809524,25,3.66666666666663,11.1666666666667,163.777777777778,27.4777025573456,14,198.225,2
114,tg,1,7,532.333333333333,8.17567566324577,697.964488319461,0.285714285714286,11,5.55555555555555,8.11111111111111,290.666666666667,18.2804781489977,9,57.43,2
114,tg,2,12,578.333333333333,7.45989445546679,138.068102903076,0.0723809523809524,10,10.2222222222222,44.2222222222223,497.888888888889,6.95588088388523,10,85.421,1
114,tg,2,4,372.666666666667,8.1519359613382,1318.64123315629,0.493333333333333,26,4.94444444444444,9.77777777777783,117.222222222222,33.4355959724365,9,91.773,4
114,tg,2,7,546.666666666667,9.35026064491333,987.312053166376,0.394285714285714,22,5.05555555555554,10,191.111111111111,31.1127742428807,9,307.284,2
114,tg,3,12,559.111111111111,7.75034333391548,1059.29812156046,0.348571428571429,35,5.66666666666663,9.61111111111111,92.4444444444444,38.7768208303179,11,128.9,6
114,tg,3,4,360.222222222222,8.66020496797233,2136.52156249661,0.598095238095238,45,5.66666666666663,7.22222222222224,80,30.4815389861473,15,36.021,9
114,tg,3,7,245.111111111111,9.5796696169061,307.20267406236,0.131428571428571,9,7.22222222222223,12.1111111111111,151.888888888889,23.2140991901402,4,83.194,1
117,tg,1,12,556.444444444444,8.19298123031521,720.923033865184,0.318095238095238,21,7,11.4444444444445,171.444444444444,29.8603292227474,9,95.758,3
117,tg,1,4,373.444444444444,8.25499189945776,1595.71382290953,0.561904761904762,20,4.49999999999999,10,139.444444444444,33.1970422234603,3,NaN,2
117,tg,1,7,535.777777777778,7.36065094444515,1064.29608190615,0.356190476190476,27,7.5555555555556,14.3333333333333,154.666666666667,19.3185963146968,19,14.119,4
117,tg,2,12,552.444444444444,7.50105321199709,1108.84773504316,0.396190476190476,43,7.55555555555554,10.1666666666667,75.2222222222222,37.795174627702,12,73.561,13
117,tg,2,4,489.333333333333,8.25545791722995,1598.81967557232,0.466666666666667,35,3,6.44444444444443,201.555555555556,30.4479105587835,15,2.664,1
117,tg,2,7,538.888888888889,9.85233913774618,1450.32628901447,0.443809523809524,27,6.66666666666667,13.5,122.222222222222,41.8481233334945,7,151.454,10
117,tg,3,12,530,7.43676705128992,1065.61723752985,0.382857142857143,38,4.5,7.88888888888891,108.888888888889,35.9712770122428,11,29.936,6
117,tg,3,4,405.555555555556,9.03985332235576,2386.2943938359,0.634285714285714,35,4.33333333333334,8.72222222222223,81,33.6320482890832,11,21.117,9
117,tg,3,7,516.444444444444,8.02288324698652,1622.24430346951,0.453333333333333,40,3.94444444444441,8.55555555555554,74.6666666666667,37.5040892431382,12,85.831,8
200,wt,1,12,571,8.28668049786684,385.728814262555,0.186666666666667,17,7.44444444444444,11.8888888888889,327.333333333333,36.4028400324797,4,237.957,2
200,wt,1,4,499,7.21043213253432,1582.76840577139,0.506666666666667,24,6.16666666666667,12.8888888888889,130.555555555556,34.5320479159537,7,65.596,5
200,wt,1,7,543.333333333333,7.25259047878707,569.530885734321,0.268571428571429,17,3.33333333333333,15.1666666666666,248.555555555556,22.4695795356411,11,146.063,2
200,wt,2,12,555.555555555556,7.59551585853294,1084.02251375778,0.333333333333333,31,4.66666666666667,9.77777777777779,108.666666666667,32.0460630164772,13,54.525,7
200,wt,2,4,542.222222222222,7.48292038001372,1024.38555194018,0.308571428571429,23,6,14.0555555555555,127,40.782184841976,7,37.371,3
200,wt,2,7,511.111111111111,8.64176808195988,1095.10190698135,0.478095238095238,22,6.16666666666667,13.8888888888889,153.111111111111,31.1833460258263,9,109.29,3
200,wt,3,12,569.666666666667,7.16576879112956,912.466621903758,0.27047619047619,34,4.5,8.66666666666663,197.777777777778,36.4344382501699,11,99.779,1
200,wt,3,4,399.333333333333,7.73853119412176,1183.17992613988,0.464761904761905,33,3.77777777777777,11.7777777777778,173.333333333333,24.6300063123639,17,73.328,5
200,wt,3,7,90.5555555555556,8.18156905157842,432.725994099341,0.243809523809524,8,8.55555555555556,16.5555555555556,18.7777777777778,36.015026747452,3,75.643,5
201,wt,1,12,571,8.28668049786684,385.728814262555,0.186666666666667,17,7.44444444444444,11.8888888888889,327.333333333333,36.4028400324797,4,237.957,2
201,wt,1,4,505.888888888889,6.40391324258176,936.025327492221,0.384761904761905,18,3.88888888888889,13.2222222222222,275.111111111111,15.9220758911304,14,45.14,2
201,wt,1,7,541.444444444444,7.9752812361538,861.98369375006,0.36952380952381,18,4.99999999999999,13.2222222222222,234.111111111111,20.1805326685656,13,86.47,2
201,wt,2,12,551.222222222222,9.00812941137453,845.206268486887,0.352380952380952,16,17.8888888888889,20.5555555555556,245,25.4807302776751,10,189.313,4
201,wt,2,4,470.444444444444,7.94191595573665,1592.08367049661,0.48,36,3.83333333333333,7.88888888888889,258.555555555556,35.1404822702792,13,59.943,1
201,wt,2,7,566.666666666667,7.99603747009241,776.45920157471,0.27047619047619,18,6.38888888888889,13.6666666666666,186.111111111111,41.8725252594003,5,300.498,2
201,wt,3,12,559.555555555556,8.57607112419928,772.66810972012,0.316190476190476,25,9.55555555555554,16.0555555555555,208.444444444444,31.530508889836,11,27.6,2
201,wt,3,4,453.666666666667,8.10995089561956,1745.8832116218,0.521904761904762,38,5.33333333333333,8.11111111111111,178.111111111111,26.5588593119689,20,69.8,2
201,wt,3,7,60.1111111111111,17.1641079175457,193.755344135626,0.12,NaN,NaN,NaN,NaN,NaN,NaN,NaN,NaN
202,wt,1,12,564.666666666667,8.10428494264202,308.579364097887,0.139047619047619,18,13.6111111111111,17.3333333333333,238.111111111111,23.1155879585598,9,179.85,3
202,wt,1,4,413.666666666667,7.68106626980059,1383.7225754328,0.493333333333333,21,8.11111111111109,16.5555555555556,270.777777777778,18.143491278802,14,15.798,1
202,wt,1,7,552.444444444444,8.61570259934664,882.13233020729,0.302857142857143,21,5.33333333333331,8.44444444444443,179.666666666667,21.8718882040107,11,81.182,5
202,wt,2,12,536.333333333333,9.92874309878591,1400.08230785917,0.474285714285714,21,4.77777777777777,14.6666666666667,221.888888888889,34.5138284199981,6,203.432,1
202,wt,2,4,463.555555555556,6.51432612397021,1262.3694401229,0.478095238095238,31,5.33333333333334,9.83333333333333,180.555555555556,34.0258236187543,14,73.96,8
202,wt,2,7,540.555555555556,7.47077546624918,570.055130054029,0.331428571428571,22,5.55555555555554,10.2222222222222,173.555555555556,18.4279752957878,16,98.16,2
202,wt,3,12,539.666666666667,9.14153121238974,1261.58968274897,0.39047619047619,26,3.77777777777776,10.4444444444445,227.666666666667,27.8005692399233,14,103.109,1
202,wt,3,4,473.888888888889,7.67080674911105,1578.31186525152,0.451428571428571,36,3.88888888888886,8.77777777777777,100.111111111111,39.4223459434238,10,12.307,4
202,wt,3,7,60.2222222222222,16.0753902593978,163.207836672394,0.102857142857143,NaN,NaN,NaN,NaN,NaN,NaN,NaN,NaN
203,wt,1,12,559.777777777778,8.2593747944191,830.802791413888,0.255238095238095,32,4.55555555555554,7.44444444444444,176.444444444444,39.4266430218876,11,85.918,5
203,wt,1,4,167.888888888889,7.39431688894835,1909.17659587719,0.60952380952381,30,4.66666666666668,10.6666666666667,161.222222222222,27.9269760818795,14,137.603,1
203,wt,1,7,458.555555555556,7.41707463509067,1045.96864055812,0.424761904761905,20,5.22222222222222,10.3333333333333,318.555555555556,26.499176090851,8,167.466,1
203,wt,2,12,567.111111111111,9.20332854295058,354.595572894687,0.232380952380952,13,9.33333333333333,17.6666666666667,158.888888888889,27.843884230854,6,2.037,3
203,wt,2,4,493.111111111111,7.67561216957307,1113.25994553548,0.365714285714286,23,6.11111111111109,13.7222222222222,246.666666666667,27.3598273346685,12,42.973,3
203,wt,2,7,535.111111111111,7.66094296139399,1110.73131534032,0.392380952380952,25,6.99999999999999,10.5555555555556,199.111111111111,48.2765748212757,4,118.291,1
203,wt,3,12,575,8.37208849605435,243.339690112058,0.121904761904762,23,8.4444444444444,18.7222222222222,257.111111111111,18.842819040822,15,141.256,3
203,wt,3,4,454.111111111111,7.77223299958005,1137.04861073402,0.493333333333333,31,4.77777777777771,10.0555555555556,117.888888888889,32.5855997514804,10,159.719,5
203,wt,3,7,479.888888888889,8.45620686786901,979.179671788091,0.411428571428571,26,8.94444444444443,9.44444444444443,174.666666666667,19.9990513487379,19,11.486,4
204,wt,1,12,559.777777777778,8.2593747944191,830.802791413888,0.255238095238095,32,4.55555555555554,7.44444444444444,176.444444444444,39.4266430218876,11,85.918,5
204,wt,1,4,518.666666666667,5.6210885274901,356.900308769482,0.173333333333333,18,6.05555555555555,13.2222222222222,208.666666666667,16.8393705899909,15,176.742,3
204,wt,1,7,411.888888888889,7.86240773154581,1285.46957680994,0.460952380952381,28,4.55555555555556,12.1111111111111,195.666666666667,28.7968857664513,14,60.054,5
204,wt,2,12,569.555555555556,6.45209243471234,835.208183235929,0.264761904761905,31,5.55555555555555,12.0555555555556,90.1111111111111,47.5513670027206,6,402.774,7
204,wt,2,4,497.777777777778,7.16248209298808,1145.60424599425,0.447619047619048,19,3.77777777777771,15.8333333333334,301.111111111111,30.3672406016182,9,53.827,1
204,wt,2,7,531.111111111111,7.21019818841371,945.53867376133,0.340952380952381,27,7.11111111111111,11.3888888888889,295.222222222222,18.928516625422,16,139.347,1
204,wt,3,12,537.777777777778,7.3329281218163,1382.53755189733,0.394285714285714,42,4.38888888888887,8.99999999999999,121.555555555556,36.2860886680111,13,10.291,4
204,wt,3,4,385,6.94844740787259,1741.77780152976,0.548571428571429,37,6.22222222222223,8.88888888888886,92.3333333333333,28.5658653437736,18,149.499,6
204,wt,3,7,549.555555555556,6.01971451753367,834.602383247904,0.339047619047619,32,4.55555555555557,9.55555555555554,125.555555555556,31.0297655968875,12,46.367,3
205,wt,1,12,571.222222222222,7.43380481508306,642.925721714372,0.219047619047619,16,12.9444444444444,23.2222222222222,164,15.9831758595562,11,86.11,4
205,wt,1,4,381.666666666667,8.23254163543987,2149.7899821223,0.636190476190476,39,2.88888888888891,8.27777777777776,115.888888888889,31.2046905577707,16,53.003,1
205,wt,1,7,541.555555555556,7.80070832550872,1708.16277553015,0.451428571428571,39,5.33333333333331,9.16666666666666,176.444444444444,25.6596128100019,23,20.573,3
205,wt,2,12,565.222222222222,7.82267910728209,863.721171778688,0.304761904761905,21,4.66666666666666,11.5555555555556,244.444444444444,45.0699418834773,4,271.388,4
205,wt,2,4,523.666666666667,8.40908520125787,1782.51457289787,0.466666666666667,34,5.83333333333331,8.88888888888886,149.888888888889,39.3037256220351,11,42.223,3
205,wt,2,7,515.444444444444,6.39677436723474,1117.8517875998,0.356190476190476,38,7.44444444444444,14.1111111111111,269.333333333333,21.3158076653957,25,51.253,3
205,wt,3,12,540.777777777778,7.31913689723382,1034.60871057677,0.398095238095238,23,8.44444444444445,13.8888888888889,181.666666666667,33.6488732471261,10,113.293,4
205,wt,3,4,494.444444444444,7.95882020281924,2123.8470793105,0.59047619047619,42,4.44444444444444,8.33333333333331,95.4444444444444,37.3832891311681,11,31.899,5
205,wt,3,7,545.111111111111,7.25258596996977,1112.04466956017,0.346666666666667,36,6.16666666666669,12.2222222222222,172.444444444444,28.9187412275706,18,9.493,7
206,wt,1,12,539.444444444444,11.359158344594,2999.17787558335,0.540952380952381,50,3,7.33333333333334,88.5555555555556,44.0666628957269,10,97.059,8
206,wt,1,4,324.888888888889,8.41806773232965,2501.84230018536,0.693333333333333,39,3.66666666666663,9.05555555555556,105.444444444444,34.5883443448233,11,131.787,3
206,wt,1,7,501.555555555556,10.5504054188969,2935.80562079176,0.588571428571429,52,3.33333333333337,8,82.8888888888889,35.1078804348372,22,42.265,4
206,wt,2,12,479.333333333333,11.8072917660445,3946.27814144929,0.708571428571429,63,3,6.22222222222221,63.7777777777778,37.5691146587046,19,43.899,6
206,wt,2,4,456.222222222222,9.03791671861582,2119.42765478105,0.588571428571429,43,3.88888888888891,8.77777777777779,164.444444444444,40.3436579833471,11,143.958,1
206,wt,2,7,467.666666666667,10.253716441041,3241.99610237058,0.697142857142857,56,3.05555555555554,7.33333333333337,76.3333333333333,32.800082931431,24,98.008,3
206,wt,3,12,448.555555555556,11.5174215463082,3228.55009601326,0.68,48,4.44444444444443,9.44444444444444,166,26.102676718134,21,48.143,8
206,wt,3,4,465.777777777778,9.30914880017672,2614.21502311832,0.659047619047619,51,4.77777777777779,8.77777777777779,60.6666666666667,41.6815954937479,11,46.661,9
206,wt,3,7,498,10.1569705623996,2860.24170731121,0.624761904761905,50,3.8333333333333,7,173.888888888889,25.9386146671647,27,29.154,5
207,wt,1,12,527.888888888889,9.72790429542764,1655.14711105567,0.483809523809524,35,6,9.6111111111111,168.222222222222,31.0281080791717,15,35.081,4
207,wt,1,4,366.222222222222,9.02709435073523,2223.22767006755,0.657142857142857,43,2.88888888888889,7.72222222222222,96.5555555555556,34.4284074132253,14,33.119,3
207,wt,1,7,434.333333333333,10.3109629243542,2184.01551307811,0.634285714285714,33,8.11111111111114,10.5555555555555,83.2222222222222,25.0904954518681,18,77.563,4
207,wt,2,12,523,7.99923422097469,1318.52277907512,0.422857142857143,38,4.11111111111112,9.33333333333337,158.222222222222,37.018263357585,10,32.823,3
207,wt,2,4,353.333333333333,9.58530767670709,2783.91443843875,0.723809523809524,43,3.66666666666663,8.05555555555557,64.8888888888889,30.1776223181563,21,292.425,4
207,wt,2,7,453.333333333333,10.6064133841517,2671.09203880937,0.704761904761905,42,4.16666666666669,9.44444444444446,46,33.5034873034491,15,117.993,11
207,wt,3,12,525.333333333333,8.93395684988995,1698.79663185532,0.468571428571429,35,4.55555555555554,10.2777777777778,153.888888888889,36.0251801807948,13,6.854,4
207,wt,3,4,374.222222222222,8.87181124406916,2255.78918721687,0.659047619047619,32,4.66666666666666,8.88888888888889,115,29.3985508684453,13,96.79,2
207,wt,3,7,547.222222222222,8.20463231386679,1228.47964804296,0.388571428571429,30,5.5,10.1111111111111,174.444444444444,33.477980920719,12,95.192,1
208,wt,1,12,551,8.12757131591473,1449.5108214297,0.392380952380952,32,5.33333333333333,8.77777777777783,219.444444444444,27.067706445363,18,26.305,4
208,wt,1,4,338.777777777778,9.29790607137842,2944.5393189128,0.721904761904762,40,3.33333333333331,8.77777777777777,59,38.3102004855883,9,34.377,5
208,wt,1,7,547.333333333333,8.27606056507193,1192.11150740259,0.401904761904762,23,9.33333333333334,16.4444444444445,154.666666666667,20.3696233432267,17,99.337,3
208,wt,2,12,542.111111111111,9.28484796575807,1747.01664374498,0.451428571428571,35,4.66666666666667,9.44444444444442,191.111111111111,21.4353227432374,21,69.789,5
208,wt,2,4,355.222222222222,9.83996457952068,3520.21730855101,0.763809523809524,46,5.1111111111111,10.5555555555555,83.5555555555556,36.5010137026221,13,65.139,8
208,wt,3,12,469.777777777778,10.6275977385629,3364.30791272364,0.704761904761905,52,4.83333333333331,9.11111111111114,68,36.963832684348,16,20.726,9
208,wt,3,4,374.222222222222,8.87181124406916,2255.78918721687,0.659047619047619,32,4.66666666666666,8.88888888888889,115,29.3985508684453,13,96.79,2
208,wt,3,7,396.666666666667,12.5875711929655,4120.5062157208,0.712380952380952,43,4.88888888888887,8.38888888888889,56.6666666666667,33.9487011636158,15,51.439,4
209,wt,1,12,491.666666666667,15.5677586257116,3987.67371014008,0.683809523809524,41,2.77777777777777,8.5,127.666666666667,31.5214874998878,17,31.479,5
209,wt,1,4,394.666666666667,9.84989952246285,2828.59784411787,0.72,44,2.55555555555554,8,105.777777777778,32.1133060845671,19,85.001,2
209,wt,1,7,413.333333333333,11.992038765257,3532.20850242297,0.72,42,3.88888888888889,9.11111111111109,92.6666666666667,30.0651094172739,16,39.92,1
209,wt,2,12,523,14.0776638960841,4041.01986391846,0.662857142857143,55,3.33333333333331,7.33333333333334,64,35.7401183429756,15,10.552,9
209,wt,2,4,455.666666666667,10.4034460106193,3520.27091840298,0.727619047619048,56,2.77777777777777,6.88888888888891,81.6666666666667,35.5186186499717,18,55.056,3
209,wt,2,7,537.111111111111,12.3424912151702,2679.7739873392,0.527619047619048,50,4.66666666666669,8.55555555555554,110.111111111111,38.0735403507331,18,92.585,9
209,wt,3,12,507.555555555556,12.2683837842785,3004.81562197629,0.552380952380952,41,4.88888888888886,10.5,100.666666666667,45.0841585235995,10,17.583,2
209,wt,3,4,437.111111111111,9.71788274033952,2606.70244665855,0.603809523809524,41,4.44444444444446,8.22222222222223,112.777777777778,36.3525661142933,11,43.637,1
209,wt,3,7,523.111111111111,9.67274394352877,2386.07324306525,0.514285714285714,49,4.88888888888886,8.83333333333334,109.333333333333,36.2961733891705,20,5.655,10
210,wt,1,12,394.777777777778,10.4738220841977,2709.1747154031,0.727619047619048,47,3.33333333333334,7.72222222222217,60.2222222222222,36.546588405672,14,175.152,9
210,wt,1,4,319.333333333333,8.21449533121218,1740.85290483779,0.626666666666667,35,2.77777777777777,7.44444444444446,186.777777777778,37.3990345190896,10,4.751,2
210,wt,1,7,431.666666666667,9.14924212417461,2740.61032370598,0.72,45,3.22222222222223,9,114,29.1839550704543,27,3.301,8
210,wt,2,12,452.888888888889,9.56487595755744,2469.10830311232,0.71047619047619,43,5.22222222222223,10,56.8888888888889,38.8052691469096,10,174.086,8
210,wt,2,4,452.444444444444,9.35635589226847,2248.82323557705,0.68952380952381,39,3.55555555555557,10.1666666666667,200,37.4130961986484,11,58.24,1
210,wt,2,7,511.222222222222,9.81254494637137,1559.02831208024,0.52952380952381,29,4,11.4444444444445,111.222222222222,48.4567968535187,6,351.235,8
210,wt,3,12,404.777777777778,9.38695668781322,2685.51064508292,0.763809523809524,54,4.1111111111111,8.1111111111112,47.8888888888889,35.6382141302849,17,68.536,13
210,wt,3,4,429.888888888889,8.24486825008936,1450.82652715215,0.478095238095238,30,7.33333333333333,12.8888888888889,140.666666666667,24.8103449055716,19,25.218,9
210,wt,3,7,499.777777777778,11.8641772093847,2561.69734776567,0.643809523809524,40,3.38888888888891,8.22222222222223,143.444444444444,41.3002745728759,7,102.335,2
211,wt,1,12,519.555555555556,8.91075945657782,2077.22310799033,0.510476190476191,41,4.66666666666669,9.11111111111111,153.666666666667,29.9894613580319,20,59.182,10
211,wt,1,4,392.444444444444,7.78281010244264,1991.27160871305,0.651428571428571,46,4.2222222222222,8.55555555555554,116.777777777778,27.8435935639328,23,122.785,4
211,wt,1,7,481.444444444444,8.78629104852505,2479.15923499307,0.588571428571429,59,3,7.00000000000001,65.8888888888889,41.0298990505951,13,34.717,12
211,wt,2,12,548.222222222222,10.0101752208963,2225.6456297968,0.510476190476191,36,6.16666666666666,10.5555555555556,94.6666666666667,41.1072510483855,11,46.397,9
211,wt,2,4,491.111111111111,8.64299820684176,1791.53328202588,0.558095238095238,36,2.88888888888887,7.66666666666663,204.555555555556,42.4410859842817,8,85.359,2
211,wt,2,7,500.666666666667,10.1907276033952,3109.17623432384,0.56952380952381,49,4.66666666666669,9.22222222222221,72.2222222222222,39.0625193884973,13,77.96,9
211,wt,3,12,556.777777777778,9.33315954766077,1649.10844940791,0.415238095238095,33,3.77777777777778,11.5555555555556,92.7777777777778,42.5878144101923,7,78.618,8
211,wt,3,4,533,6.8582601956337,1272.71959683171,0.367619047619048,38,3.2222222222222,9.33333333333337,113.222222222222,39.2907452310952,13,24.84,7
211,wt,3,7,569,7.28838674289447,1181.40617254401,0.323809523809524,35,2.55555555555557,8.88888888888886,106.111111111111,45.2509418824181,8,439.705,3
